{"cameraMode":{"drawMode":0,"name":"Shaded","section":"Shading Mode"},"sceneLighting":true,"audioPlay":false,"sceneViewState":{"m_AlwaysRefresh":false,"showFog":true,"showSkybox":true,"showFlares":true,"showImageEffects":true,"showParticleSystems":true,"showVisualEffectGraphs":true,"m_FxEnabled":true},"in2DMode":false,"pivot":{"x":25.586523056030275,"y":-1.9625170230865479,"z":10.624115943908692},"rotation":{"x":-0.08396211266517639,"y":-0.40027353167533877,"z":0.03683481737971306,"w":-0.9118962287902832},"size":11.651092529296875,"orthographic":false}