{"cameraMode":{"drawMode":0,"name":"Shaded","section":"Shading Mode"},"sceneLighting":true,"audioPlay":false,"sceneViewState":{"m_AlwaysRefresh":false,"showFog":true,"showSkybox":true,"showFlares":true,"showImageEffects":true,"showParticleSystems":true,"showVisualEffectGraphs":true,"m_FxEnabled":true},"in2DMode":false,"pivot":{"x":-29.541141510009767,"y":-18.961931228637697,"z":74.25238037109375},"rotation":{"x":0.13461601734161378,"y":-0.06449843943119049,"z":0.008789273910224438,"w":0.988804817199707},"size":52.51194381713867,"orthographic":false}