{"cameraMode":{"drawMode":0,"name":"Shaded","section":"Shading Mode"},"sceneLighting":true,"audioPlay":false,"sceneViewState":{"m_AlwaysRefresh":false,"showFog":true,"showSkybox":true,"showFlares":true,"showImageEffects":true,"showParticleSystems":true,"showVisualEffectGraphs":true,"m_FxEnabled":true},"in2DMode":false,"pivot":{"x":7.675713062286377,"y":-2.0749588012695314,"z":61.782073974609378},"rotation":{"x":0.04079894721508026,"y":-0.00031966768437996507,"z":0.000017050133465090767,"w":0.9992034435272217},"size":38.766441345214847,"orthographic":false}