{"cameraMode":{"drawMode":0,"name":"Shaded","section":"Shading Mode"},"sceneLighting":true,"audioPlay":false,"sceneViewState":{"m_AlwaysRefresh":false,"showFog":true,"showSkybox":true,"showFlares":true,"showImageEffects":true,"showParticleSystems":true,"showVisualEffectGraphs":true,"m_FxEnabled":true},"in2DMode":false,"pivot":{"x":-0.0012682676315307618,"y":1.4809882640838624,"z":0.0090065598487854},"rotation":{"x":-0.043789342045784,"y":0.8901885747909546,"z":-0.08729234337806702,"w":-0.4451821446418762},"size":2.3242523670196535,"orthographic":false}