{"cameraMode":{"drawMode":0,"name":"Shaded","section":"Shading Mode"},"sceneLighting":true,"audioPlay":false,"sceneViewState":{"m_AlwaysRefresh":false,"showFog":true,"showSkybox":true,"showFlares":true,"showImageEffects":true,"showParticleSystems":true,"showVisualEffectGraphs":true,"m_FxEnabled":true},"in2DMode":false,"pivot":{"x":13.897260665893555,"y":8.042566299438477,"z":1.7361068725585938},"rotation":{"x":-0.004140342585742474,"y":0.9959502220153809,"z":0.06101848557591438,"w":0.06708849221467972},"size":4.859529972076416,"orthographic":false}