{"cameraMode":{"drawMode":0,"name":"Shaded","section":"Shading Mode"},"sceneLighting":true,"audioPlay":false,"sceneViewState":{"m_AlwaysRefresh":false,"showFog":true,"showSkybox":true,"showFlares":true,"showImageEffects":true,"showParticleSystems":true,"showVisualEffectGraphs":true,"m_FxEnabled":true},"in2DMode":false,"pivot":{"x":0.36865192651748659,"y":-0.3493056297302246,"z":-6.023296356201172},"rotation":{"x":0.0000350083464581985,"y":0.9929627776145935,"z":-0.11853115260601044,"w":0.0002994258247781545},"size":6.275372505187988,"orthographic":false}