{"cameraMode":{"drawMode":0,"name":"Shaded","section":"Shading Mode"},"sceneLighting":false,"audioPlay":false,"sceneViewState":{"m_AlwaysRefresh":false,"showFog":true,"showSkybox":false,"showFlares":true,"showImageEffects":true,"showParticleSystems":true,"showVisualEffectGraphs":true,"m_FxEnabled":true},"in2DMode":false,"pivot":{"x":0.39708632230758669,"y":0.6840156316757202,"z":0.22754350304603578},"rotation":{"x":-0.0028863127809017898,"y":0.9921319484710693,"z":0.022004196420311929,"w":0.12392061948776245},"size":0.9052232503890991,"orthographic":false}